<?xml version="1.0" encoding="UTF-8"?>
<project-private xmlns="http://www.netbeans.org/ns/project-private/1">
    <editor-bookmarks xmlns="http://www.netbeans.org/ns/editor-bookmarks/2" lastBookmarkId="0"/>
    <open-files xmlns="http://www.netbeans.org/ns/projectui-open-files/2">
        <group>
            <file>file:/C:/Users/70060471/Desktop/Progetti/ReadingURLProject/src/readingurl/Geocode.java</file>
            <file>file:/C:/Users/70060471/Desktop/Progetti/ReadingURLProject/src/GMaps/GMapsXPathHandler.java</file>
            <file>file:/C:/Users/70060471/Desktop/Progetti/ReadingURLProject/src/readingurl/AppController.java</file>
            <file>file:/C:/Users/70060471/Desktop/Progetti/ReadingURLProject/src/Weather/WeatherXPathHandler.java</file>
            <file>file:/C:/Users/70060471/Desktop/Progetti/ReadingURLProject/src/readingurl/WeatherURLHandler.java</file>
            <file>file:/C:/Users/70060471/Desktop/Progetti/ReadingURLProject/src/GMaps/Location.java</file>
            <file>file:/C:/Users/70060471/Desktop/Progetti/ReadingURLProject/src/Weather/Forecast.java</file>
            <file>file:/C:/Users/70060471/Desktop/Progetti/ReadingURLProject/src/readingurl/XMLRetriver.java</file>
            <file>file:/C:/Users/70060471/Desktop/Progetti/ReadingURLProject/src/readingurl/GUI.fxml</file>
        </group>
    </open-files>
</project-private>
