<?xml version="1.0" encoding="UTF-8"?>
<GeocodeResponse>
 <status>OK</status>
 <result>
  <type>locality</type>
  <type>political</type>
  <formatted_address>Bovezzo BS, Italy</formatted_address>
  <address_component>
   <long_name>Bovezzo</long_name>
   <short_name>Bovezzo</short_name>
   <type>locality</type>
   <type>political</type>
  </address_component>
  <address_component>
   <long_name>Bovezzo</long_name>
   <short_name>Bovezzo</short_name>
   <type>administrative_area_level_3</type>
   <type>political</type>
  </address_component>
  <address_component>
   <long_name>Provincia di Brescia</long_name>
   <short_name>BS</short_name>
   <type>administrative_area_level_2</type>
   <type>political</type>
  </address_component>
  <address_component>
   <long_name>Lombardia</long_name>
   <short_name>Lombardia</short_name>
   <type>administrative_area_level_1</type>
   <type>political</type>
  </address_component>
  <address_component>
   <long_name>Italy</long_name>
   <short_name>IT</short_name>
   <type>country</type>
   <type>political</type>
  </address_component>
  <geometry>
   <location>
    <lat>45.5929206</lat>
    <lng>10.2412181</lng>
   </location>
   <location_type>APPROXIMATE</location_type>
   <viewport>
    <southwest>
     <lat>45.5821566</lat>
     <lng>10.2322319</lng>
    </southwest>
    <northeast>
     <lat>45.5984617</lat>
     <lng>10.2530569</lng>
    </northeast>
   </viewport>
   <bounds>
    <southwest>
     <lat>45.5821566</lat>
     <lng>10.2322319</lng>
    </southwest>
    <northeast>
     <lat>45.5984617</lat>
     <lng>10.2530569</lng>
    </northeast>
   </bounds>
  </geometry>
  <place_id>ChIJNYmDPPN3gUcRiUhMqsRlagg</place_id>
 </result>
</GeocodeResponse>
